collection,product_location,source_region,width,ct,authorized,contact_service,ring_style,title,description
the ever popular Design collection,,,,,authorized,,,"""Benchmark Design Wedding band RECF846358PT"" ""Shop Benchmark RECF846358PT bands | Midtown Jewelers""","""
                            If you are looking for a contemporary wedding band to represent your continuous commitment, you can feel confident that you’ll find it here at Midtown Jewelers. We stock only top brands in the industry. Your wedding band will be worn and loved for generations to come, which is why we are honored to be an authorized Benchmark retailer. Benchmark offers the top-notch in luxury and quality. Through our incredible partnership we are able to offer you this dazzling Gents Benchmark wedding band. This ring is luxurious and crafted of sleek Platinum. This wedding band hails from the ever popular Design collection. At Midtown Jewelers we enjoy helping couples say “I do”.                         "" "
,,,,,,,understated ring,"""Benchmark Design RECF846358PT""","""
                                An understated ring like a wedding band represents commitment. This Milgrain wedding band can remind you of your loved one wherever you are. For all of you love birds, we bring you this artfully crafted Benchmark classic. The without stone adds a touch of refinement to the entire band. Its platinum construction sparkles for as long as your love stays strong. Gents everywhere will recognize that a ring like this means the world.
 
The Wedding Ring Shop brings you this and more exceptional creations so you can have the perfect wedding day. Started by a 3rd generation Kamaaina Family in 1987, The Wedding Ring Shop helps the community celebrate life's special moments.                                "" "
,,,,,,,,"""Benchmark European Comfort-Fit Wedding band EUCF13514KY"" EUCF13514KY | Dejaun Jewelers""","""Null"" "
,"Houston, TX",,,,authorized,,,"""Benchmark European Comfort-Fit EUCF13514KY""","""
 Benchmark proudly present this Ladies wedding band with model number EUCF13514KY. Symbolizing a true love and tenderness, this exquisite wedding band is crafted from 14k yellow gold. Definitely this ring is the perfect piece as you commemorate your big day. 
 Dubin’s Fine Jewelry is an authorized and trusted dealer of Benchmark. We carry the greatest selection of Benchmark jewelry products. See this item for yourself by visiting our store in Houston, TX. Rest assured, our professional jewelers will dedicate their knowledge to cater you in choosing the perfect jewelry you desire.                                 "" "
,,,,,,,,"""Benchmark European Comfort-Fit EUCF13514KY"" ""Shop Benchmark EUCF13514KY Wedding bands | RUMANOFF'S FINE JEWELRY & DESIGN""","""Null"" "
,,,,,,,understated ring,"""Benchmark European Comfort-Fit EUCF13514KY""","""
                                An understated ring like a wedding band represents commitment. This Modern wedding band can signify your love in a way that nothing else can. For the soul mates out there, we bring you this original Benchmark masterpiece. The without stone adds a layer of elegance to the overall design. Its 14k yellow gold construction glistens for as long as your passion. Ladies everywhere will know that a ring like this means the world.
 
The Wedding Ring Shop brings you this and more exceptional creations so you can have the perfect wedding day. Started by a 3rd generation Kamaaina Family in 1987, The Wedding Ring Shop helps the community commemorate life's greatest moments.                                "" "
European Comfort-Fit,"Reston, VA",,,,authorized,,Wedding band,"""Benchmark European Comfort-Fit Wedding band EUCF13514KY"" ""Shop Benchmark EUCF13514KY bands | Midtown Jewelers""","""
                            If you are looking for an enduring wedding band to symbolize your perpetual commitment, you can be sure that you’ll find it here at Midtown Jewelers in Reston, VA. We carry only most trusted brands in the industry. Your wedding band will be worn and cherished for your lifetime and beyond, which is why we are excited to be an authorized Benchmark retailer. Benchmark offers the very best in luxury and quality. Through our wonderful partnership we are able to offer you this dazzling Ladies Benchmark wedding band. This ring is luxurious and comes in sleek 14k yellow gold. This wedding band hails from the captivating European Comfort-Fit collection. At Midtown Jewelers we enjoy helping couples say “I do”.                         "" "
,"Chicago, IL",,,,authorized,Available via phone or email ,,"""Benchmark European Comfort-Fit EUCF13514KY"" EUCF13514KY | Diamonds On Wabash""","""
 Honor the vow you made during your wedding ceremony with this enchanting wedding band brought to you by the prestigious brand, Benchmark. 14k yellow gold decorate this ring artfully as a symbol of true passion. 
Diamonds on Wabash is an authorized retailer of Benchmark in Chicago, IL. If you need more details about this Benchmark wedding band, feel free call us by phone or email, and our jewelry experts will be more than happy to assist you.                                 "" "
,,,,,,,Modern,"""Benchmark Titanium Wedding Band TICF68100BKT"" TIRECF87500BKT band | Dejaun Jewelers""","""<p>Before the wedding bells ring, ring our doors and get this stunning wedding band from Benchmark. This Modern wedding band style adorns you with just the right splendor and spectacle at the same time. </p>"" "
Titanium,"Hamden, CT",,,,authorized,"Available (implied by ""we are here to assist you in your search along every step of the way"") ",,"""Benchmark Titanium TICF68100BKT"" ""Shop Benchmark TI570T Wedding bands | RUMANOFF'S FINE JEWELRY & DESIGN""","""<p> The vows you take upon your wedding day, should be honored by a wedding band worthy of those sentiments. Model number TICF68100BKT is a elegant Modern wedding band from Benchmark. A part of the Titanium collection, this idealistic Gents wedding band was created with Titanium. Take your vows with this beauteous wedding band. </p>
<p>Searching for the perfect wedding band? Since 1938, Rumanoff’s Fine Jewelry & Design of Hamden, CT, has been helping their local community commemorate any event. A family run business spanning four generations, we are here to assist you in your search along every step of the way and are proud to provide a vast selection to appease all your fine jewelry and watch needs. Thus, we present this elegant wedding band as an authorized retailer of Benchmark. </p>"" "
Titanium,,,,,,,Modern,"""Benchmark Titanium Wedding Band TICF68100BKT"" TICF68900CFBKT band | Dejaun Jewelers""","""<p>Before the wedding bells ring, ring our doors and get this stunning wedding band from Benchmark. This Modern wedding band style adorns you with just the right splendor and spectacle at the same time. </p>"" "
Titanium,"Hamden, CT",,,,authorized,"Available (implied by ""we are here to assist you in your search along every step of the way"")",,"""Benchmark Titanium TICF68100BKT"" ""Shop Benchmark TI561T Wedding bands | RUMANOFF'S FINE JEWELRY & DESIGN""","""<p> The vows you take upon your wedding day, should be honored by a wedding band worthy of those sentiments. Model number TICF68100BKT is a elegant Modern wedding band from Benchmark. A part of the Titanium collection, this idealistic Gents wedding band was created with Titanium. Take your vows with this beauteous wedding band. </p>
<p>Searching for the perfect wedding band? Since 1938, Rumanoff’s Fine Jewelry & Design of Hamden, CT, has been helping their local community commemorate any event. A family run business spanning four generations, we are here to assist you in your search along every step of the way and are proud to provide a vast selection to appease all your fine jewelry and watch needs. Thus, we present this elegant wedding band as an authorized retailer of Benchmark. </p>"" "
,,,,,,,,"""Benchmark Titanium Wedding band TICF68100BKT"" TICF68100BKT | Dejaun Jewelers""","""Null"" "
Titanium,,,,,,,,"""Benchmark Titanium TICF68100BKT""","""
                                A simple ring like a wedding band means everything. This Modern wedding band can remind you of your loved one wherever you are. For the soul mates out there, we bring you this timeless Benchmark masterpiece. The without stone adds a touch of refinement to the entire band. Its titanium construction glistens for as long as your passion. Gents everywhere will know that a ring like this means more than words.
 
The Wedding Ring Shop brings you this and more exceptional creations so you can have the perfect wedding day. Started by a 3rd generation Kamaaina Family in 1987, The Wedding Ring Shop helps the community remember life's special moments.                                "" "
Titanium,,,,,authorized,,Gents Benchmark wedding ring,"""Benchmark Titanium Wedding Band TICF68100BKT"" ""Shop Benchmark TIRECF87500BKT bands | Medawar Jewelers""","""<p> Your wedding ring will remain a perpetual sign of your your marriage vows, so you’ll want it to stand the test of time. We, at Medawar Jewelers, are happy to be an authorized Benchmark retailer. This illuminating Gents Benchmark wedding ring is incredible. It is fashioned of Titanium and comes from the popular Titanium collection. This ring is the perfect ring to represent your commitement.</p>"" "
Titanium,,,,,,,,"""Benchmark Titanium Wedding Band TICF68100BKT"" TI570T band | Dejaun Jewelers""","""<p>Before the wedding bells ring, ring our doors and get this stunning wedding band from Benchmark. This Modern wedding band style adorns you with just the right splendor and spectacle at the same time. </p>"" "
Titanium,,,,,authorized,,Gents Benchmark wedding ring,"""Benchmark Titanium Wedding Band TICF68100BKT"" ""Shop Benchmark TICF68900CFBKT bands | Medawar Jewelers""","""<p> Your wedding ring will remain a perpetual sign of your your marriage vows, so you’ll want it to stand the test of time. We, at Medawar Jewelers, are happy to be an authorized Benchmark retailer. This illuminating Gents Benchmark wedding ring is incredible. It is fashioned of Titanium and comes from the popular Titanium collection. This ring is the perfect ring to represent your commitement.</p>"" "
Titanium,"Houston, TX",,,,authorized,"Available (implied by ""our professional jewelers will dedicate their knowledge to serve you"")",Gents wedding band,"""Benchmark Titanium TICF68100BKT""","""
 Benchmark is happy to offer this Gents wedding band with model number TICF68100BKT. Showcasing a true affection and commitment, this stunning wedding band is constructed from Titanium. Without a doubt this ring is the perfect piece as you commemorate your big day. 
 Dubin’s Fine Jewelry is an authorized and trusted dealer of Benchmark. We carry the greatest selection of Benchmark jewelry products. See this item for yourself by visiting our store in Houston, TX. Rest assured, our professional jewelers will dedicate their knowledge to serve you in choosing the perfect jewelry you desire.                                 "" "
Titanium,,,,,,,,"""Benchmark Titanium TICF68100BKT"" ""Shop Benchmark TICF68100BKT Wedding bands | RUMANOFF'S FINE JEWELRY & DESIGN""","""Null"" "
,,,,,,,,"""Benchmark Titanium TICF68100BKT"" TICF68900CFBKT""",
,,,,,,,,"""Benchmark Titanium Wedding Band TICF68100BKT"" TICF69100BKT band | Dejaun Jewelers""","""<p>Before the wedding bells ring, ring our doors and get this stunning wedding band from Benchmark. This Modern wedding band style adorns you with just the right splendor and spectacle at the same time. </p>"" "
,,,,,,,,"""Benchmark Titanium Wedding Band TICF68100BKT"" TICF69486BKT band | Dejaun Jewelers""","""<p>Before the wedding bells ring, ring our doors and get this stunning wedding band from Benchmark. This Modern wedding band style adorns you with just the right splendor and spectacle at the same time. </p>"" "
,,,,,,,,"""Benchmark Titanium Wedding Band TICF68100BKT"" TI560T band | Dejaun Jewelers""","""<p>Before the wedding bells ring, ring our doors and get this stunning wedding band from Benchmark. This Modern wedding band style adorns you with just the right splendor and spectacle at the same time. </p>"" "
,,,,,,,,"""Benchmark Titanium TICF68100BKT"" Contemporary Metals TIRECF87500BKT""",
ArtCarved Vintage,,,,,,,,"""ArtCarved Vintage 31-V692W-L"" ""Shop ArtCarved 31-V692W-L Wedding bands | Carter's Diamonds and Fine Jewelers""","""
Hand Engraved and Milgrain with Surprise Stones Wedding Band to Match 31-V692                                "" "
ArtCarved Vintage,,,,,,,,"""ArtCarved Vintage 31-V692W-L"" 31-V692W-L Wedding bands | Milanj Diamonds""","""
                            Hand Engraved and Milgrain with Surprise Stones Wedding Band to Match 31-V692                        "" "
Standard Comfort-Fit,"Reston, VA",,,,authorized,,Gents,"""Benchmark Standard Comfort-Fit Wedding band LCF15018KW"" ""Shop Benchmark LCF15018KW bands | Midtown Jewelers""","""
                            If you are searching for a contemporary wedding band to represent your unending commitment, you can be sure that you’ll find it here at Midtown Jewelers in Reston, VA. We stock only top brands in the industry. Your wedding band will be worn and loved for a lifetime, which is why we are privileged to be an authorized Benchmark retailer. Benchmark offers the top-notch in luxury and quality. Through our exceptional partnership we are able to offer you this detailed Gents Benchmark wedding band. This ring is spectacular and crafted of smooth 18k white gold. This wedding band comes from the ever popular Standard Comfort-Fit collection. At Midtown Jewelers we enjoy helping couples say “I do”.                         "" "
Standard Comfort-Fit,,,,,,,,"""Benchmark Standard Comfort-Fit LCF15018KW"" ""Shop Benchmark LCF15018KW Wedding bands | RUMANOFF'S FINE JEWELRY & DESIGN""","""Null"" "
Classic,,,,,,,,"""Benchmark Classic Bands LCF15018KW""",
Standard Comfort-Fit ,,,,,,,Gents ,"""Benchmark Standard Comfort-Fit LCF15018KW""","""
                                An understated ring like a wedding band represents commitment. This Modern wedding band can remind you of your loved one wherever you are. For all of you love birds, we bring you this original Benchmark masterpiece. The without stone adds a touch of refinement to the entire band. Its 18k white gold construction sparkles for as long as your love stays strong. Gents everywhere will recognize that a ring like this means everything.
 
The Wedding Ring Shop brings you this and more exquisite creations so you can have the perfect wedding day. Established by a 3rd generation Kamaaina Family in 1987, The Wedding Ring Shop helps the community honor life's special moments.                                "" "
Classic,,,,,,,,"""Benchmark Classic Bands LCF15018KW"" Standard Comfort-Fit",
Standard Comfort-Fit,,,,,,,,"""Benchmark Standard Comfort-Fit LCF15018KW"" ""Shop Benchmark LCF15018KW Wedding bands | Ream""",
,,,,,,,,"""Benchmark Design CF6642018KW""","""
                                A subtle ring like a wedding band means everything. This Modern wedding band can be your priceless investment. For all of you love birds, we bring you this timeless Benchmark masterpiece. The without stone adds a layer of refinement to the overall design. Its 18k white gold construction glistens for as long as your passion. Gents everywhere will recognize that a ring like this means more than words can say.
 
The Wedding Ring Shop brings you this and more exquisite creations so you can have the perfect wedding day. Started by a 3rd generation Kamaaina Family in 1987, The Wedding Ring Shop helps the community commemorate life's greatest moments.                                "" "
captivating Design,"Reston, VA",,,,authorized,,,"""Benchmark Design Wedding band CF6642018KW"" ""Shop Benchmark CF6642018KW bands | Midtown Jewelers""","""
                            If you are looking for an enduring wedding band to represent your unending commitment, you can rest assured that you’ll find it here at Midtown Jewelers in Reston, VA. We stock only the finest brands in the industry. Your wedding band will be worn and adored for your lifetime and beyond, which is why we are thrilled to be an authorized Benchmark retailer. Benchmark offers the top-notch in luxury and quality. Through our exceptional partnership we are able to offer you this enduring Gents Benchmark wedding band. This ring is incredible and crafted of smooth 18k white gold. This wedding band comes from the captivating Design collection. At Midtown Jewelers we love helping couples say “I do”.                         "" "
,,,,,,,CrownRing,"""CrownRing Rope Wedding band WB-005R6W"" ""Shop CrownRing WB-005R6W | Moyer Fine Jewelers""","""Null"" "
captivating Design,"Reston, VA",,,,authorized,,Gents,"""CrownRing Rope Wedding Band WB-005R6W"" ""Shop CrownRing WB-012R25W band | Moyer Fine Jewelers""","""<p>Just as a vow of eternal love and commitment is exchanged during memorable weddings, the presentation of classy wedding bands, such as this stunning piece unravels, is what CrownRing commits to. This 14k white gold wedding band is one more thing added to the many things to toast for during such a joyful occasion of the joining of two hearts.  Gents would surely find in this piece that feeling of heartfelt sentiment. </p>
<p>This piece is also available in Available in 10k, 14k, 18k (white, yellow or rose gold), palladium 950 or platinum 950. It is 6.00 mm in width. So seal the deal and embark on a new chapter of your life with this wedding band from CrownRing. This piece is just one of the many alluring pieces we have in store for you. Moyer Fine Jewelers is an authorized dealer of CrownRing. We’re always glad to serve you so don’t think twice to contact us or visit our shop.</p>"" "
,,,6.00 mm,,authorized,Available,,"""CrownRing Rope Wedding Band WB-005R6W"" ""Shop CrownRing WB-006R8W band | Moyer Fine Jewelers""","""<p>Just as a vow of eternal love and commitment is exchanged during memorable weddings, the presentation of classy wedding bands, such as this stunning piece unravels, is what CrownRing commits to. This 14k white gold wedding band is one more thing added to the many things to toast for during such a joyful occasion of the joining of two hearts.  Gents would surely find in this piece that feeling of heartfelt sentiment. </p>
<p>This piece is also available in Available in 10k, 14k, 18k (white, yellow or rose gold), palladium 950 or platinum 950. It is 6.00 mm in width. So seal the deal and embark on a new chapter of your life with this wedding band from CrownRing. This piece is just one of the many alluring pieces we have in store for you. Moyer Fine Jewelers is an authorized dealer of CrownRing. We’re always glad to serve you so don’t think twice to contact us or visit our shop.</p>"" "
,,,6.00 mm,,authorized,Available,,"""CrownRing Rope Wedding Band WB-005R6W"" ""Shop CrownRing WB-014RD8RW band | Moyer Fine Jewelers""","""<p>Just as a vow of eternal love and commitment is exchanged during memorable weddings, the presentation of classy wedding bands, such as this stunning piece unravels, is what CrownRing commits to. This 14k white gold wedding band is one more thing added to the many things to toast for during such a joyful occasion of the joining of two hearts.  Gents would surely find in this piece that feeling of heartfelt sentiment. </p>
<p>This piece is also available in Available in 10k, 14k, 18k (white, yellow or rose gold), palladium 950 or platinum 950. It is 6.00 mm in width. So seal the deal and embark on a new chapter of your life with this wedding band from CrownRing. This piece is just one of the many alluring pieces we have in store for you. Moyer Fine Jewelers is an authorized dealer of CrownRing. We’re always glad to serve you so don’t think twice to contact us or visit our shop.</p>"" "
,,,,,,,,"""CrownRing Rope WB-005R6W""","""
                                An understated ring like a wedding band represents commitment. This Modern wedding band can remind you of your loved one wherever you are. For the soul mates out there, we bring you this artfully crafted CrownRing classic. Its 14k white gold construction glistens for as long as your love stays strong. Gents everywhere will know that a ring like this means the world. This band is available in Available in 10k, 14k, 18k (white, yellow or rose gold), palladium 950 or platinum 950.
 
The Wedding Ring Shop brings you this and more exquisite creations so you can have the perfect wedding day. Established by a 3rd generation Kamaaina Family in 1987, The Wedding Ring Shop helps the community commemorate life's greatest moments.                                "" "
,,,,,authorized,,engagement ring,"""CrownRing Rope WB-005R6W"" ""Shop CrownRing WB-005R6W Wedding bands | Koehn & Koehn""","""
                                 Emortalize every vow you take with your spouse with the superior craftsmanship of this  Modern wedding band. A Gents wedding band from Rope collection by the prestigious CrownRing, model number WB-005R6W is the perfect ring to symbolize your love. Crafted with 14k white gold, it is an elegant piece with classic lines. An elegant wedding band, it is crafted to honor your vows. 
 You may choose this ring in the following metal types: Available in 10k, 14k, 18k (white, yellow or rose gold), palladium 950 or platinum 950. 
 Seeking the perfect engagement ring? Koehn & Koehn Jewelers of West Bend, WI, boasts a vast selection of fine jewelry from today’s most prestigious luxury brands. Dedicated to providing the best customer service possible and are here to assist you in your search. Thus, we are proud to present this remarkable engagement ring as an authorized retailer of CrownRing.                                 "" "
,,,,,authorized,,engagement ring,"""CrownRing Rope WB-009R7Y"" ""Shop CrownRing WB-009R7Y Wedding bands | Koehn & Koehn""","""
                                 Represent every vow you take with your loved one with the superb craftsmanship of this  Modern wedding band. A Gents wedding band from Rope collection by the prestigious CrownRing, model number WB-009R7Y is the perfect ring to symbolize your vows. Crafted with 14k yellow gold, it is an elegant piece with classic lines. A sophisticated wedding band, it is crafted to honor your vows. 
 You may choose this ring in the following metal types: Available in 10k, 14k, 18k (white, yellow or rose gold), palladium 950 or platinum 950. 
 Seeking the perfect engagement ring? Koehn & Koehn Jewelers of West Bend, WI, boasts a vast selection of fine jewelry from today’s most prestigious luxury brands. Dedicated to providing the best customer service possible and are here to assist you in your search. Thus, we are proud to present this remarkable engagement ring as an authorized retailer of CrownRing.                                 "" "
,,,,,authorized,contact us or visit our shop,,"""CrownRing Rope Wedding Band WB-009R7Y"" ""Shop CrownRing WB-009R7R band | Moyer Fine Jewelers""","""<p>Just as a oath of eternal love and commitment is uttered during memorable weddings, the presentation of classy wedding bands, such as this stunning piece unravels, is what CrownRing stands for. This 14k yellow gold wedding band is one more thing added to the many things to toast for during such a joyful occasion of the joining of two hearts.  Gents would surely find in this piece that feeling of heartfelt sentiment. </p>
<p>This piece is also available in Available in 10k, 14k, 18k (white, yellow or rose gold), palladium 950 or platinum 950. It is 7.00 mm in width. So seal the deal and embark on a new chapter of your life with this wedding band from CrownRing. This piece is just one of the many alluring pieces we have in store for you. Moyer Fine Jewelers is an authorized dealer of CrownRing. We’re always glad to serve you so don’t think twice to contact us or visit our shop.</p>"" "
,Honolulu,,,,,,,"""CrownRing Rope WB-009R7Y""","""
                                A subtle ring like a wedding band means everything. This Modern wedding band can signify your love in a way that nothing else can. For the soul mates out there, we bring you this original CrownRing classic. Its 14k yellow gold construction glistens for as long as your love stays strong. Gents everywhere will know that a ring like this means the world. This band is available in Available in 10k, 14k, 18k (white, yellow or rose gold), palladium 950 or platinum 950.
 
The Wedding Ring Shop in Honolulu brings you this and more exceptional creations so you can have the perfect wedding day. Started by a 3rd generation Kamaaina Family in 1987, The Wedding Ring Shop helps the community commemorate life's special moments.                                "" "
,,,,,authorized,contact us or visit our shop,,"""CrownRing Rope Wedding Band WB-009R7Y"" ""Shop CrownRing WB-015RD4W band | Moyer Fine Jewelers""","""<p>Just as a oath of eternal love and commitment is uttered during memorable weddings, the presentation of classy wedding bands, such as this stunning piece unravels, is what CrownRing stands for. This 14k yellow gold wedding band is one more thing added to the many things to toast for during such a joyful occasion of the joining of two hearts.  Gents would surely find in this piece that feeling of heartfelt sentiment. </p>
<p>This piece is also available in Available in 10k, 14k, 18k (white, yellow or rose gold), palladium 950 or platinum 950. It is 7.00 mm in width. So seal the deal and embark on a new chapter of your life with this wedding band from CrownRing. This piece is just one of the many alluring pieces we have in store for you. Moyer Fine Jewelers is an authorized dealer of CrownRing. We’re always glad to serve you so don’t think twice to contact us or visit our shop.</p>"" "
,,,,,authorized,contact us or visit our shop,,"""CrownRing Rope Wedding Band WB-009R7Y"" ""Shop CrownRing WB-004R8W band | Moyer Fine Jewelers""","""<p>Just as a oath of eternal love and commitment is uttered during memorable weddings, the presentation of classy wedding bands, such as this stunning piece unravels, is what CrownRing stands for. This 14k yellow gold wedding band is one more thing added to the many things to toast for during such a joyful occasion of the joining of two hearts.  Gents would surely find in this piece that feeling of heartfelt sentiment. </p>
<p>This piece is also available in Available in 10k, 14k, 18k (white, yellow or rose gold), palladium 950 or platinum 950. It is 7.00 mm in width. So seal the deal and embark on a new chapter of your life with this wedding band from CrownRing. This piece is just one of the many alluring pieces we have in store for you. Moyer Fine Jewelers is an authorized dealer of CrownRing. We’re always glad to serve you so don’t think twice to contact us or visit our shop.</p>"" "
,,,,,authorized,contact us or visit our shop,,"""CrownRing Rope Wedding Band WB-009R7Y"" ""Shop CrownRing WB-020RD8R band | Moyer Fine Jewelers""","""<p>Just as a oath of eternal love and commitment is uttered during memorable weddings, the presentation of classy wedding bands, such as this stunning piece unravels, is what CrownRing stands for. This 14k yellow gold wedding band is one more thing added to the many things to toast for during such a joyful occasion of the joining of two hearts.  Gents would surely find in this piece that feeling of heartfelt sentiment. </p>
<p>This piece is also available in Available in 10k, 14k, 18k (white, yellow or rose gold), palladium 950 or platinum 950. It is 7.00 mm in width. So seal the deal and embark on a new chapter of your life with this wedding band from CrownRing. This piece is just one of the many alluring pieces we have in store for you. Moyer Fine Jewelers is an authorized dealer of CrownRing. We’re always glad to serve you so don’t think twice to contact us or visit our shop.</p>"" "
,"Chicago, IL",,,,authorized,call us by phone or email,,"""CrownRing Rope WB-009R7Y"" WB-009R7Y | Diamonds On Wabash""","""
 Commit the vow you made during your wedding day with this enchanting wedding band brought to you by the prestigious brand, CrownRing. 14k yellow gold adorn this ring beautifully as a symbol of true love. 
Diamonds on Wabash is an authorized retailer of CrownRing in Chicago, IL. If you need more details about this CrownRing wedding band, feel free call us by phone or email, and our jewelry experts will be more than happy to help you.                                 "" "
,,,,,,Contact Northeastern Fine Jewelry at 1-855-795-NEFJ or info,,"""ArtCarved Vintage Wedding Band 11-WV4309-G"" ""Shop ArtCarved 11-WV5044W-G bands | Northeastern Fine Jewelry""","""<p>This 14k white gold, 14k yellow gold vintage wedding band for Gents by ArtCarved is ideal for fashion-forward newlyweds everywhere. The 11-WV4309-G tells your romantic late with beautiful attention to detail and carefully crafted metals and material. Fall in love with this ring, experience it live, and allow this ring’s astoundingly comfortable fit and unique look be the symbol for your long lasting love.</p>

<p>This band was crafted with great care and love, masterfully cut from 14k white gold, 14k yellow gold. The band's metal both speaks to the lasting strength of your bond and the unmistakeable beauty of your relationship as well. </p>

<p>Northeastern Fine Jewelry offers everything from matte finishes to twisted bands depending on your specific personality. Do you have any questions? Contact Northeastern Fine Jewelry at 1-855-795-NEFJ or info@nefj.com.</p>"" "
,,,,,authorized,,,"""ArtCarved Vintage 11-WV4309-G"" 11-WV5570-G""","""<p> Wearing this superior ArtCarved wedding band gives the extra kick to note that you're taken. Its model number is 11-WV4309-G. </p>

<p> Lewis Jewelers is an authorized dealer of ArtCarved. Swing by our store in Ann Arbor, Michigan now to check out our current deals and discover your ultimate piece. </p>"" "
,,,,,authorized,,,"""ArtCarved Vintage 11-WV4309-G"" 22-V2548HC-G""","""<p> Wearing this superior ArtCarved wedding band gives the extra kick to note that you're taken. Its model number is 11-WV4309-G. </p>

<p> Lewis Jewelers is an authorized dealer of ArtCarved. Swing by our store in Ann Arbor, Michigan now to check out our current deals and discover your ultimate piece. </p>"" "
the Wedding bands Vintage,,,,,,,,"""ArtCarved Vintage 11-WV4309-G"" 11-WV4309-G Wedding bands | Milanj Diamonds""","""
                            This wonderful ArtCarved wedding band with model number 11-WV4309-G is from the Wedding bands Vintage collection.As steadfast as your promise of love, is ArtCarved’s promise of joy and satisfaction with its remarkable selection of wedding bands. This Gents’s ring boasts impeccable beauty and quality. A Vintage wedding band style is well-embodied and designed in this classy piece, bringing to life this item’s assert of craftiness and excellence. Without stone stones are embedded on the ring, elevating the meek grandeur already achieved by the piece. Formed with 18k yellow gold, 18k white gold metal, this wedding band indeed is a union of trend and substance – a unique find in this time and age. We promise that you will love your ArtCarved wedding band with model number 11-WV4309-G                        "" "
,,,,,,,,"""ArtCarved Vintage 11-WV4309-G"" ""Shop ArtCarved 11-WV4309-G Wedding bands | Carter's Diamonds and Fine Jewelers""","""
Wedding band with intricate engraved design and rounded edges.                                "" "
,,,,,,Contact Northeastern Fine Jewelry at 1-855-795-NEFJ or info,,"""ArtCarved Vintage Wedding Band 11-WV4309-G"" ""Shop ArtCarved 11-WV7339W-G bands | Northeastern Fine Jewelry""","""<p>This 14k white gold, 14k yellow gold vintage wedding band for Gents by ArtCarved is ideal for fashion-forward newlyweds everywhere. The 11-WV4309-G tells your romantic late with beautiful attention to detail and carefully crafted metals and material. Fall in love with this ring, experience it live, and allow this ring’s astoundingly comfortable fit and unique look be the symbol for your long lasting love.</p>

<p>This band was crafted with great care and love, masterfully cut from 14k white gold, 14k yellow gold. The band's metal both speaks to the lasting strength of your bond and the unmistakeable beauty of your relationship as well. </p>

<p>Northeastern Fine Jewelry offers everything from matte finishes to twisted bands depending on your specific personality. Do you have any questions? Contact Northeastern Fine Jewelry at 1-855-795-NEFJ or info@nefj.com.</p>"" "
,,,,,authorized,,timeless Gents ArtCarved wedding ring,"""ArtCarved Vintage 11-WV4309-G"" ""Shop ArtCarved 11-WV4309-G Wedding bands | Carter's Diamonds and Fine Jewelers""","""
 You’ll find an wide selection of brand named wedding bands at Carter’s Diamonds and Fine Jewelry. We are proud to be an authorized ArtCarved retailer. Wedding ring are meant to last a lifetime which is why we carry only the best brands. This timeless Gents ArtCarved wedding ring is spectacular. It is finely crafted of 18k yellow gold, 18k white gold and comes from the popular Vintage collection. Wedding rings are an enduring symbol of your unending commitment.                                 "" "
,,,,,,,,"""ArtCarved Vintage 11-WV4309-G"" 11-WV4309-G Wedding bands | Milanj Diamonds""","""
                            Wedding band with intricate engraved design and rounded edges.                        "" "
,,,,,,Contact Northeastern Fine Jewelry at 1-855-795-NEFJ or info,,"""ArtCarved Vintage Wedding Band 11-WV4309-G"" ""Shop ArtCarved 11-WV7300W-G bands | Northeastern Fine Jewelry""","""<p>This 14k white gold, 14k yellow gold vintage wedding band for Gents by ArtCarved is ideal for fashion-forward newlyweds everywhere. The 11-WV4309-G tells your romantic late with beautiful attention to detail and carefully crafted metals and material. Fall in love with this ring, experience it live, and allow this ring’s astoundingly comfortable fit and unique look be the symbol for your long lasting love.</p>

<p>This band was crafted with great care and love, masterfully cut from 14k white gold, 14k yellow gold. The band's metal both speaks to the lasting strength of your bond and the unmistakeable beauty of your relationship as well. </p>

<p>Northeastern Fine Jewelry offers everything from matte finishes to twisted bands depending on your specific personality. Do you have any questions? Contact Northeastern Fine Jewelry at 1-855-795-NEFJ or info@nefj.com.</p>"" "
,,,,,,,engagement ring,"""RoyalT - ht2626pr75y"" ht2626pr75y | Engagement Ring Tacori""","""All eyes will be on your center diamond, in this not so simple solitaire princess cut diamond engagement ring, sparkling in yellow gold. A sleek band with pavé set diamonds brings your brilliant princess cut diamond to life, making it worthy of your love.  RoyalT designs are only available in platinum, 18kt rose gold, and 18kt yellow gold.""@en "
,,,,,,,,"""Tacori RoyalT HT2626PR75Y"" ""Shop Tacori HT2626PR75Y Engagement rings | Yelton Fine Jewelers""","""
Your search for the ultimate Vintage, Milgrain engagement ring is finally over.  Feast your eyes on this elegant piece from Tacori. This 18k yellow gold piece of beauty will surely radiate intricacy and splendor. With this Princess-shaped center stone as crowning glory, who can say no to such a thing of exquisite class? The model number for this item is HT2626PR75Y.                                "" "
,"Jackson, Mississippi",,,,authorized,"by phone, email or by visiting directly to our store",Sidestone engagement ring,"""Tacori RoyalT HT2626PR75Y""","""
 Capture her completely as you pop the question with this breathtaking engagement ring from Tacori. This Sidestone engagement ring that is made with 18k yellow gold will leave an everlasting moment that she will never forget. Delightfully symbolizing love and affection, a Prong-set setting is placed upon this piece beautifully, adding appeal to the tantalizing center stone. Now she will surely say yes as you present this ring during your proposal. 
As an authorized distributor of Tacori, Albriton’s Jewelry in Jackson, Mississippi proudly brings you this engagement ring with model number HT2626PR75Y. Our retail store exclusively carries 100% authentic items from the finest brands in the jewelry business. If you want more information about this ring or any other general inquiries, feel free to reach us by phone, email or by visiting directly to our store. Our friendly representatives will be happy to assist you with your inquiries.                                 "" "
,,,,,,,,"""Tacori RoyalT Engagement ring HT2626PR75Y"" ""Shop Tacori HT2626PR75Y rings | Albert`s Diamond Jewelers""","""Null"" "
,,US,,,,,engagement ring,"""Tacori RoyalT Pave Diamond Engagement Ring""-US "" Tacori Ring HT2626PR75Y ""-US","""
					All eyes will be on your center diamond, in this not so simple solitaire princess cut diamond engagement ring, sparkling in yellow gold. A sleek band with pavé set diamonds brings your brilliant princess cut diamond to life, making it worthy of your love.

				""@en-US "
the beloved Design,,,,,authorized,,,"""Benchmark Design Wedding band CF6835218KW"" ""Shop Benchmark CF6835218KW bands | Midtown Jewelers""","""
                            If you are searching for a contemporary wedding band to represent your continuous commitment, you can feel confident that you’ll find it here at Midtown Jewelers. We stock only top brands in the industry. Your wedding band will be worn and loved for your lifetime and beyond, which is why we are excited to be an authorized Benchmark retailer. Benchmark offers the very best in luxury and quality. Through our exceptional partnership we are able to offer you this enduring Gents Benchmark wedding band. This ring is spectacular and comes in smooth 18k white gold. This wedding band comes from the beloved Design collection. At Midtown Jewelers we love helping couples say “I do”.                         "" "
,Honolulu,,,,,,,"""Benchmark Design CF6835218KW""","""
                                An understated ring like a wedding band represents commitment. This Modern wedding band can remind you of your loved one wherever you are. For all of you love birds, we bring you this artfully crafted Benchmark classic. The without stone adds a touch of sophistication to the overall design. Its 18k white gold construction glistens for as long as your passion. Gents everywhere will know that a ring like this means everything.
 
The Wedding Ring Shop in Honolulu brings you this and more exquisite creations so you can have the perfect wedding day. Founded by a 3rd generation Kamaaina Family in 1987, The Wedding Ring Shop helps the community commemorate life's greatest moments.                                "" "
,,,,,,Contact Northeastern Fine Jewelry at 1-855-795-NEFJ or info,,"""ArtCarved Contemporary Wedding Band 11-WV4503W-G"" ""Shop ArtCarved 11-WV7365W-G bands | Northeastern Fine Jewelry""","""<p>This 14k white gold modern wedding band for Gents by ArtCarved features a sleek band style to represent your pure and undying love. The 11-WV4503W-G tells your romantic late with eye-catching attention to detail and masterfully crafted metals and material. Fall in love with this ring, experience it in real life, and allow this ring’s comfortable fit and one-of-a-kind look be the symbol for your everlasting love.</p>

<p>This band was crafted with great care and love, masterfully cut from 14k white gold. The band's metal both speaks to the enduring strength of your trust and the unmistakeable beauty of your relationship as well. </p>

<p>Northeastern Fine Jewelry is known for its custom made jewelry. Need a little bit more help? Contact Northeastern Fine Jewelry at 1-855-795-NEFJ or info@nefj.com.</p>"" "
,,,,,, Contact Northeastern Fine Jewelry at 1-855-795-NEFJ or info,,"""ArtCarved Contemporary Wedding Band 11-WV4503W-G"" ""Shop ArtCarved 11-WV03WR85-G bands | Northeastern Fine Jewelry""","""<p>This 14k white gold modern wedding band for Gents by ArtCarved features a sleek band style to represent your pure and undying love. The 11-WV4503W-G tells your romantic late with eye-catching attention to detail and masterfully crafted metals and material. Fall in love with this ring, experience it in real life, and allow this ring’s comfortable fit and one-of-a-kind look be the symbol for your everlasting love.</p>

<p>This band was crafted with great care and love, masterfully cut from 14k white gold. The band's metal both speaks to the enduring strength of your trust and the unmistakeable beauty of your relationship as well. </p>

<p>Northeastern Fine Jewelry is known for its custom made jewelry. Need a little bit more help? Contact Northeastern Fine Jewelry at 1-855-795-NEFJ or info@nefj.com.</p>"" "
,,,,,,,,"""ArtCarved Contemporary 11-WV4503W-G"" ""Shop ArtCarved 11-WV4503W-G Wedding bands | Carter's Diamonds and Fine Jewelers""","""
Comfort Fit wedding band with modern black linear design, brushed finish and rolled edges                                "" "
the unique Contemporar,Danvers,,,,authorized,,,"""ArtCarved Contemporary 11-WV4503W-G"" ""Shop ArtCarved 11-WV4503W-G Wedding bands | Carter's Diamonds and Fine Jewelers""","""
 You’ll find an remarkable selection of brand named wedding bands at Carter’s Diamonds in Danvers. We are proud to be an authorized ArtCarved retailer. Wedding ring are meant to last which is why we stock only the most luxurious brands. This timeless Gents ArtCarved wedding ring is spectacular. It is crafted of 18k white gold and is part of the unique Contemporary collection. Wedding rings are perpetual reminder of your unending commitment.                                 "" "
,,,,,,,,"""ArtCarved Contemporary 11-WV4503W-G"" 11-WV4503W-G Wedding bands | Milanj Diamonds""","""
                            Comfort Fit wedding band with modern black linear design, brushed finish and rolled edges                        "" "
,,,,,,,,"""ArtCarved Contemporary Wedding band 11-WV4503W-G"" ""Shop ArtCarved 11-WV4503W-G bands | Northeastern Fine Jewelry""","""Null"" "
the Wedding bands Contemporary,,,,,,,,"""ArtCarved Contemporary 11-WV4503W-G"" 11-WV4503W-G Wedding bands | Milanj Diamonds""","""
                            This beautiful ArtCarved wedding band with model number 11-WV4503W-G is from the Wedding bands Contemporary collection.As steadfast as your promise of love, is ArtCarved’s promise of glee and content with its extraordinary selection of wedding bands. This Gents’s ring boasts impeccable beauty and quality. A Modern wedding band style is well-embodied and designed in this classy piece, bringing to life this item’s assert of artisanship and excellence. Without stone stones are embedded on the ring, elevating the meek grandeur already achieved by the piece. Made with 18k white gold metal, this wedding band truly is a union of trend and substance – a unique find in this time and age. We promise that you will love your ArtCarved wedding band with model number 11-WV4503W-G                        "" "
Standard Comfort-Fit,,,,,authorized,,,"""Benchmark Standard Comfort-Fit Wedding band LCF14018KY"" ""Shop Benchmark LCF14018KY bands | Midtown Jewelers""","""
                            If you are looking for a timeless wedding band to symbolize your everlasting commitment, you can rest assured that you’ll find it here at Midtown Jewelers. We stock only top brands in the industry. Your wedding band will be worn and loved for a lifetime, which is why we are excited to be an authorized Benchmark retailer. Benchmark offers the top-notch in luxury and quality. Through our amazing partnership we are able to offer you this striking Ladies Benchmark wedding band. This ring is spectacular and crafted of smooth 18k yellow gold. This wedding band comes from the ever popular Standard Comfort-Fit collection. At Midtown Jewelers we enjoy helping couples say “I do”.                         "" "
,,,,,,,,"""Benchmark Standard Comfort-Fit LCF14018KY"" ""Shop Benchmark LCF14018KY Wedding bands | RUMANOFF'S FINE JEWELRY & DESIGN""","""Null"" "
,,,,,,,,"""Benchmark Standard Comfort-Fit Wedding band LCF14018KY"" LCF14018KY | Dejaun Jewelers""","""Null"" "
,,,,,,,,"""Benchmark Classic Bands LCF14018KY""",
,,,,,,,,"""Benchmark Standard Comfort-Fit LCF14018KY""","""
                                A subtle ring like a wedding band means everything. This Modern wedding band can remind you of your loved one wherever you are. For the soul mates out there, we bring you this timeless Benchmark classic. The without stone adds a tinge of refinement to the entire band. Its 18k yellow gold construction glistens for as long as your love stays strong. Ladies everywhere will know that a ring like this means everything.
 
The Wedding Ring Shop brings you this and more exquisite creations so you can have the perfect wedding day. Established by a 3rd generation Kamaaina Family in 1987, The Wedding Ring Shop helps the community honor life's greatest moments.                                "" "
,,,,,,,,"""Benchmark Standard Comfort-Fit Wedding band LCF14018KY"" ""Shop Benchmark LCF14018KY bands | Medawar Jewelers""","""Null"" "
,,,,,,,Engagement rings,"""ArtCarved Classic 31-V412ECW-E"" 31-V412ECW-E Engagement rings | Milanj Diamonds""","""
                            Princess cut engagement ring with channel set diamond band                        "" "
,,,,,,,Engagement rings,"""ArtCarved Classic 31-V412ECW-E"" ""Shop ArtCarved 31-V412ECW-E Engagement rings | Carter's Diamonds and Fine Jewelers""","""
Princess cut engagement ring with channel set diamond band                                "" "
,,,,,,,,"""Benchmark European Comfort-Fit Wedding band EUCF17514KR"" EUCF17514KR | Dejaun Jewelers""","""Null"" "
,,,,,,,,"""Benchmark European Comfort-Fit EUCF17514KR"" ""Shop Benchmark EUCF17514KR Wedding bands | RUMANOFF'S FINE JEWELRY & DESIGN""","""Null"" "
,,,,,,,,"""Benchmark Classic Bands EUCF17514KR"" European Comfort-Fit",
,"Houston, TX",,,,authorized,,,"""Benchmark European Comfort-Fit EUCF17514KR""","""
 Benchmark is happy to offer this Gents wedding band with model number EUCF17514KR. Illustrating a true affection and tenderness, this exquisite wedding band is made from 14k rose gold. Definitely this ring is the perfect piece as you commemorate your big day. 
 Dubin’s Fine Jewelry is an authorized and trusted retailer of Benchmark. We carry the greatest selection of Benchmark jewelry products. See this item for yourself by visiting our store in Houston, TX. Rest assured, our professional jewelers will dedicate their knowledge to serve you in choosing the perfect jewelry you want.                                 "" "
,,,,,,,,"""Benchmark Classic Bands EUCF17514KR""",
,"Chicago, IL",,,,authorized, call us by phone or email,,"""Benchmark European Comfort-Fit EUCF17514KR"" EUCF17514KR | Diamonds On Wabash""","""
 Commit the vow you made during your wedding day with this exquisite wedding band brought to you by the high end brand, Benchmark. 14k rose gold decorate this ring magnificently as a symbol of true passion. 
Diamonds on Wabash is an authorized retailer of Benchmark in Chicago, IL. If you need more details about this Benchmark wedding band, don’t hesitate call us by phone or email, and our professional jewelers will be more than happy to help you.                                 "" "
,"Chicago, IL",,,,authorized, call us by phone or email,,"""Benchmark European Comfort-Fit EUCF17514KY"" EUCF17514KY | Diamonds On Wabash""","""
 Devote the vow you made during your wedding day with this exquisite wedding band brought to you by the prestigious brand, Benchmark. 14k yellow gold adorn this ring magnificently as a sign of true commitment. 
Diamonds on Wabash is an authorized distributor of Benchmark in Chicago, IL. If you need more details about this Benchmark wedding band, feel free call us by phone or email, and our jewelry experts will be more than happy to assist you.                                 "" "
,,,,,,,,"""Benchmark Classic Bands EUCF17514KY""",
,,,,,,,,"""Benchmark Classic Bands EUCF17514KY"" European Comfort-Fit",
,,,,,,,,"""Benchmark European Comfort-Fit Wedding band EUCF17514KY"" ""Shop Benchmark EUCF17514KY bands | Medawar Jewelers""","""Null"" "
,,,,,,,,"""Benchmark European Comfort-Fit EUCF17514KY"" ""Shop Benchmark EUCF17514KY Wedding bands | RUMANOFF'S FINE JEWELRY & DESIGN""","""Null"" "
,,,,,,,,"""Benchmark European Comfort-Fit Wedding band EUCF17514KY"" EUCF17514KY | Dejaun Jewelers""","""Null"" "
,,,,,,,subtle ring,"""Benchmark European Comfort-Fit EUCF17514KY""","""
                                A subtle ring like a wedding band means everything. This Modern wedding band can be your priceless investment. For the soul mates out there, we bring you this original Benchmark classic. The without stone adds a touch of sophistication to the entire band. Its 14k yellow gold construction glistens for as long as your love stays strong. Gents everywhere will know that a ring like this means more than words can say.
 
The Wedding Ring Shop brings you this and more exquisite creations so you can have the perfect wedding day. Established by a 3rd generation Kamaaina Family in 1987, The Wedding Ring Shop helps the community celebrate life's greatest moments.                                "" "
,,,,,,,,"""Benchmark European Comfort-Fit EUCF17514KY"" ""Shop Benchmark EUCF17514KY Wedding bands | Ream""",
,,,,,,,,"""Benchmark Design CF71752514KW""","""
                                An understated ring like a wedding band represents commitment. This Modern wedding band can be your priceless investment. For the soul mates out there, we bring you this timeless Benchmark masterpiece. The without stone adds a layer of elegance to the overall design. Its 14k white gold construction glistens for as long as your passion. Gents everywhere will know that a ring like this means more than words can say.
 
The Wedding Ring Shop in Honolulu brings you this and more exceptional creations so you can have the perfect wedding day. Founded by a 3rd generation Kamaaina Family in 1987, The Wedding Ring Shop helps the community honor life's special moments.                                "" "
the captivating Design,"Reston, VA",,,,authorized,,,"""Benchmark Design Wedding band CF71752514KW"" ""Shop Benchmark CF71752514KW bands | Midtown Jewelers""","""
                            If you are searching for a special wedding band to represent your unending commitment, you can rest assured that you’ll find it here at Midtown Jewelers in Reston, VA. We stock only the finest brands in the industry. Your wedding band will be worn and adored for a lifetime, which is why we are excited to be an authorized Benchmark retailer. Benchmark offers the very best in luxury and quality. Through our exceptional partnership we are able to offer you this stunning Gents Benchmark wedding band. This ring is incredible and crafted of sleek 14k white gold. This wedding band hails from the captivating Design collection. At Midtown Jewelers we love helping couples say “I do”.                         "" "
,"Chicago, IL",,,,authorized,call us by phone or email,,"""Benchmark Design CF6641618KW"" CF6641618KW | Diamonds On Wabash""","""
 Commit the vow you made during your wedding ceremony with this stunning wedding band brought to you by the well known designer, Benchmark. 18k white gold glaze this ring beautifully as a sign of true passion. 
Diamonds on Wabash is an authorized distributor of Benchmark in Chicago, IL. If you need more information about this Benchmark wedding band, don’t hesitate call us by phone or email, and our professional staffs will be more than happy to help you.                                 "" "
,"Houston, TX",,,,authorized,,,"""Benchmark Design CF6641618KW""","""
 Benchmark proudly present this Gents wedding band with model number CF6641618KW. Showcasing a true compassion and commitment, this brilliant wedding band is constructed from 18k white gold. Without a doubt this ring is the perfect piece as you commemorate your wedding day. 
 Dubin’s Fine Jewelry is an authorized and trusted retailer of Benchmark. We offer the best selection of Benchmark jewelry products. See this product for yourself by visiting our store in Houston, TX. Rest assured, our professional jewelers will dedicate their knowledge to serve you in finding the perfect jewelry you want.                                 "" "
,Honolulu,,,,,,,"""Benchmark Design CF6641618KW""","""
                                An understated ring like a wedding band represents commitment. This Modern wedding band can remind you of your loved one wherever you are. For all of you love birds, we bring you this artfully crafted Benchmark work of art. The without stone adds a touch of elegance to the overall design. Its 18k white gold construction sparkles for as long as your love stays strong. Gents everywhere will acknowledge that a ring like this means everything.
 
The Wedding Ring Shop in Honolulu brings you this and more magnificent creations so you can have the perfect wedding day. Established by a 3rd generation Kamaaina Family in 1987, The Wedding Ring Shop helps the community celebrate life's special moments.                                "" "
the beloved Design,Virginia,,,,authorized,,,"""Benchmark Design Wedding band CF6641618KW"" ""Shop Benchmark CF6641618KW bands | Midtown Jewelers""","""
                            If you are looking for a contemporary wedding band to represent your unending commitment, you can feel confident that you’ll find it here at Midtown Jewelers in Virginia. We offer only top brands in the industry. Your wedding band will be worn and loved for generations to come, which is why we are privileged to be an authorized Benchmark retailer. Benchmark offers the very best in luxury and quality. Through our exceptional partnership we are able to offer you this enduring Gents Benchmark wedding band. This band is spectacular and available in sparkling 18k white gold. This wedding band hails from the beloved Design collection. At Midtown Jewelers we enjoy helping couples say “I do”.                         "" "
 the captivating Diamond,"Reston, VA",,,,authorized,,,"""Benchmark Diamond Wedding band CF526128PT"" ""Shop Benchmark CF526128PT bands | Midtown Jewelers""","""
                            If you are searching for a timeless wedding band to represent your perpetual commitment, you can be sure that you’ll find it here at Midtown Jewelers in Reston, VA. We carry only top brands in the industry. Your wedding band will be worn and cherished for a lifetime, which is why we are honored to be an authorized Benchmark retailer. Benchmark offers the very best in luxury and quality. Through our exceptional partnership we are able to offer you this detailed Gents Benchmark wedding band. This ring is spectacular and available in smooth Platinum. This wedding band comes from the captivating Diamond collection. At Midtown Jewelers we love helping couples say “I do”.                         "" "
,,,,,,,,"""Benchmark Diamond Wedding band CF526128PT"" ""Shop Benchmark CF526128PT bands | Medawar Jewelers""","""Null"" "
,,,,0.32 ct,,,subtle ring,"""Benchmark Diamond CF526128PT""","""
                                A subtle ring like a wedding band means everything. For the soul mates out there, we bring you this original Benchmark masterpiece. The diamond adds a layer of refinement to the entire band. This wedding band's diamond is available in 0.32 ct. The bezel setting cradles the centerpiece of this astonishing piece. The round shape stone is built from the finest materials. Its platinum construction sparkles for as long as your love stays strong. Gents everywhere will recognize that a ring like this means everything.
 
The Wedding Ring Shop in Honolulu brings you this and more exquisite creations so you can have the perfect wedding day. Established by a 3rd generation Kamaaina Family in 1987, The Wedding Ring Shop helps the community honor life's greatest moments.                                "" "
,"Houston, TX",,,,authorized,,,"""Benchmark Diamond CF526128PT""","""
 Benchmark is excited to offer this Gents wedding band with model number CF526128PT. Showcasing a true love and tenderness, this stunning wedding band is constructed from Platinum. Adding glimmer to the already mesmerizing piece are Round-cut stones, set on a Bezel setting. Definitely this ring is the perfect piece as you commemorate your big day. 
 Dubin’s Fine Jewelry is an authorized and trusted retailer of Benchmark. We offer the greatest selection of Benchmark jewelry products. See this item for yourself by visiting our store in Houston, TX. Rest assured, our professional jewelers will dedicate their knowledge to cater you in choosing the perfect jewelry you desire.                                 "" "
,,,,,,,,"""Benchmark Diamond CF526128PT"" ""Shop Benchmark CF526128PT Wedding bands | RUMANOFF'S FINE JEWELRY & DESIGN""","""Null"" "
,,,,,,,,"""Benchmark Diamond CF526128PT"" ""Shop Benchmark CF526128PT Wedding bands | RUMANOFF'S FINE JEWELRY & DESIGN""","""Null"" "
,,,,,,,,"""Benchmark Classic Bands EUCF16518KW"" European Comfort-Fit",
the captivating European,"Reston, VA",,,,authorized,,,"""Benchmark European Comfort-Fit Wedding band EUCF16518KW"" ""Shop Benchmark EUCF16518KW bands | Midtown Jewelers""","""
                            If you are looking for a contemporary wedding band to represent your unending commitment, you can rest assured that you’ll find it here at Midtown Jewelers in Reston, VA. We carry only top brands in the industry. Your wedding band will be worn and cherished for generations to come, which is why we are excited to be an authorized Benchmark retailer. Benchmark offers the top-notch in luxury and quality. Through our wonderful partnership we are able to offer you this stunning Gents Benchmark wedding band. This ring is luxurious and crafted of sleek 18k white gold. This wedding band hails from the captivating European Comfort-Fit collection. At Midtown Jewelers we enjoy helping couples say “I do”.                         "" "
,,,,,,,,"""Benchmark European Comfort-Fit Wedding band EUCF16518KW"" EUCF16518KW | Dejaun Jewelers""","""Null"" "
,,,,,,,,"""Benchmark Classic Bands EUCF16518KW""",
,"Houston, TX",,,,authorized,,,"""Benchmark European Comfort-Fit EUCF16518KW""","""
 Benchmark proudly present this Gents wedding band with model number EUCF16518KW. Showcasing a true affection and tenderness, this magnificent wedding band is constructed from 18k white gold. Without a doubt this ring is the perfect piece as you celebrate your big day. 
 Dubin’s Fine Jewelry is an authorized and trusted dealer of Benchmark. We carry the greatest selection of Benchmark jewelry products. See this item for yourself by visiting our store in Houston, TX. Rest assured, our professional jewelers will dedicate their knowledge to serve you in finding the perfect jewelry you want.                                 "" "
,,,,,,,,"""Benchmark European Comfort-Fit EUCF16518KW"" ""Shop Benchmark EUCF16518KW Wedding bands | RUMANOFF'S FINE JEWELRY & DESIGN""","""Null"" "
,,,,,,,,"""Benchmark European Comfort-Fit Wedding band EUCF16518KW"" ""Shop Benchmark EUCF16518KW bands | Medawar Jewelers""","""Null"" "
,,,,,,,,"""Benchmark European Comfort-Fit EUCF15518KW"" ""Shop Benchmark EUCF15518KW Wedding bands | RUMANOFF'S FINE JEWELRY & DESIGN""","""Null"" "
,"Houston, TX",,,,authorized,,,"""Benchmark European Comfort-Fit EUCF15518KW""","""
 Benchmark is happy to offer this Gents wedding band with model number EUCF15518KW. Symbolizing a true affection and tenderness, this stunning wedding band is made from 18k white gold. Definitely this ring is the perfect piece as you commemorate your big day. 
 Dubin’s Fine Jewelry is an authorized and trusted retailer of Benchmark. We offer the greatest selection of Benchmark jewelry products. See this item for yourself by visiting our store in Houston, TX. Rest assured, our professional jewelers will dedicate their knowledge to serve you in choosing the perfect jewelry you desire.                                 "" "
,,,,,,,,"""Benchmark Classic Bands EUCF15518KW""",
,,,,,,,,"""Benchmark European Comfort-Fit Wedding band EUCF15518KW"" ""Shop Benchmark EUCF15518KW bands | Medawar Jewelers""","""Null"" "
,,,,,,,,"""Benchmark Classic Bands EUCF15518KW"" European Comfort-Fit",
the beloved European Comfort-Fit,"Reston, VA",,,,authorized,,,"""Benchmark European Comfort-Fit Wedding band EUCF15518KW"" ""Shop Benchmark EUCF15518KW bands | Midtown Jewelers""","""
                            If you are looking for an enduring wedding band to represent your continuous commitment, you can rest assured that you’ll find it here at Midtown Jewelers in Reston, VA. We offer only the finest brands in the industry. Your wedding band will be worn and adored for a lifetime, which is why we are privileged to be an authorized Benchmark retailer. Benchmark offers the very best in luxury and quality. Through our amazing partnership we are able to offer you this striking Gents Benchmark wedding band. This ring is incredible and available in smooth 18k white gold. This wedding band comes from the beloved European Comfort-Fit collection. At Midtown Jewelers we love helping couples say “I do”.                         "" "
,,,,,,,,"""Benchmark European Comfort-Fit Wedding band EUCF15518KW"" EUCF15518KW | Dejaun Jewelers""","""Null"" "
necklace,"Houston, TX",,,,authorized,,,"""Beny Sofer Necklaces SN12-155B""","""
 You will certainly appreciate this exquisite necklace by the top brand, Beny Sofer. Created with 14k white gold, this Chain necklace with model number SN12-155B will accessorize your fashion look like never before. Add this gorgeous piece to your necklace collection now. 
 Dubin’s Fine Jewelry is an authorized and trusted dealer of Beny Sofer. We carry the greatest selection of Beny Sofer jewelry products. See this item for yourself by visiting our store in Houston, TX. Rest assured, our professional jewelers will dedicate their knowledge to serve you in finding the perfect jewelry you want.                                 "" "
 the Necklaces,"Reston, VA",,,,authorized,,,"""Beny Sofer Necklaces Necklace SN12-155B"" ""Shop Beny SN12-155B | Midtown Jewelers""","""
                             From classic styles to brilliant designs, we at Midtown Jewelers in Reston, VA offer you a lovely selection of necklaces from top brands. When you include a dynamic necklace with your favorite ensemble, you add sparkle and sophistication to your look. As an authorized Beny Sofer retailer, we are delighted to offer this Chain necklace from the Necklaces collection. Whether you purchase this necklace for yourself, or as a gift, you can be confident that it will become a well-loved piece. You’ll enjoy the necklace selection you’ll find here at Midtown Jewelers.                         "" "
,"Chicago, IL",,,,authorized,call us by phone or email,,"""Benchmark Design RECF760110KY"" RECF760110KY | Diamonds On Wabash""","""
 Honor the vow you made during your wedding day with this stunning wedding band brought to you by the prestigious brand, Benchmark. 10k yellow gold decorate this ring beautifully as a symbol of true love. 
Diamonds on Wabash is an authorized retailer of Benchmark in Chicago, IL. If you want more details about this Benchmark wedding band, don’t hesitate call us by phone or email, and our jewelry experts will be more than happy to help you.                                 "" "
,Honolulu,,,,,,,"""Benchmark Design RECF760110KY""","""
                                A subtle ring like a wedding band means everything. This Milgrain wedding band can remind you of your loved one wherever you are. For all of you love birds, we bring you this original Benchmark masterpiece. The without stone adds a layer of refinement to the overall design. Its 10k yellow gold construction sparkles for as long as your passion. Gents everywhere will know that a ring like this means everything.
 
The Wedding Ring Shop in Honolulu brings you this and more exceptional creations so you can have the perfect wedding day. Established by a 3rd generation Kamaaina Family in 1987, The Wedding Ring Shop helps the community honor life's special moments.                                "" "
,"Houston, TX",,,,authorized,,,"""Benchmark Design RECF760110KY""","""
 Benchmark is excited to offer this Gents wedding band with model number RECF760110KY. Showcasing a true love and tenderness, this exquisite wedding band is constructed from 10k yellow gold. Definitely this ring is the perfect piece as you celebrate your big day. 
 Dubin’s Fine Jewelry is an authorized and trusted retailer of Benchmark. We carry the greatest selection of Benchmark jewelry products. See this item for yourself by visiting our store in Houston, TX. Rest assured, our professional jewelers will dedicate their knowledge to serve you in finding the perfect jewelry you want.                                 "" "
,"Chicago, IL",,,,authorized,,,"""Benchmark Design RECF760218KW"" RECF760218KW | Diamonds On Wabash""","""
 Devote the vow you made during your wedding ceremony with this stunning wedding band brought to you by the prestigious brand, Benchmark. 18k white gold decorate this ring magnificently as a sign of true love. 
Diamonds on Wabash is an authorized retailer of Benchmark in Chicago, IL. If you need more details about this Benchmark wedding band, don’t hesitate call us by phone or email, and our jewelry experts will be more than happy to help you.                                 "" "
the beloved Design,,,,,authorized,,,"""Benchmark Design Wedding band RECF760218KW"" ""Shop Benchmark RECF760218KW bands | Midtown Jewelers""","""
                            If you are searching for a contemporary wedding band to represent your unending commitment, you can be sure that you’ll find it here at Midtown Jewelers. We stock only the finest brands in the industry. Your wedding band will be worn and adored for your lifetime and beyond, which is why we are excited to be an authorized Benchmark retailer. Benchmark offers the top-notch in luxury and quality. Through our incredible partnership we are able to offer you this stunning Gents Benchmark wedding band. This ring is spectacular and comes in smooth 18k white gold. This wedding band comes from the beloved Design collection. At Midtown Jewelers we love helping couples say “I do”.                         "" "
stunning,,,,,, Contact Northeastern Fine Jewelry at 1-855-795-NEFJ or info,,"""ArtCarved Contemporary Wedding Band 11-WV7322W-G"" ""Shop ArtCarved 11-WV03WR85-G bands | Northeastern Fine Jewelry""","""<p>This 14k white gold milgrain, vintage wedding band for Gents by ArtCarved is ideal for fashion-forward newlyweds everywhere. The 11-WV7322W-G tells your romantic late with gorgeous attention to detail and carefully crafted metals and material. Fall for this ring, experience it in real life, and let this ring’s astoundingly comfortable fit and one-of-a-kind look be the symbol for your long lasting love.</p>

<p>This band was crafted with great care and love, masterfully cut from 14k white gold. The band's metal both symbolizes the enduring strength of your faith in each other and the unending beauty of your relationship as well. </p>

<p>Northeastern Fine Jewelry has wedding bands from stunning collections from the finest jewelers. Do you need to reach out? Contact Northeastern Fine Jewelry at 1-855-795-NEFJ or info@nefj.com.</p>"" "
,,,,,,,,"""ArtCarved Contemporary 11-WV7322W-G"" 11-WV7322W-G Wedding bands | Milanj Diamonds""","""
                            Comfort Fit, engraved wedding band with milgrain detail and flat edgess                        "" "
,,,,,,,,"""ArtCarved Contemporary 11-WV7322W-G"" ""Shop ArtCarved 11-WV7322W-G Wedding bands | Carter's Diamonds and Fine Jewelers""","""
Comfort Fit, engraved wedding band with milgrain detail and flat edgess                                "" "
the popular Contemporary,Danvers,,,,authorized,,,"""ArtCarved Contemporary 11-WV7322W-G"" ""Shop ArtCarved 11-WV7322W-G Wedding bands | Carter's Diamonds and Fine Jewelers""","""
 You’ll find an vast selection of brand named wedding rings at Carter’s Diamonds in Danvers. We are proud to be an authorized ArtCarved retailer. Wedding ring are meant to last which is why we stock only the most luxurious brands. This timeless Gents ArtCarved wedding ring is brilliant. It is crafted of 18k white gold and comes from the popular Contemporary collection. Wedding bands are perpetual symbol of your lifelong commitment.                                 "" "
the Wedding bands Contemporary,,,,,,,,"""ArtCarved Contemporary 11-WV7322W-G"" 11-WV7322W-G Wedding bands | Milanj Diamonds""","""
                            This exquisite ArtCarved wedding band with model number 11-WV7322W-G is from the Wedding bands Contemporary collection.As constant as your promise of love, is ArtCarved’s promise of joy and satisfaction with its remarkable selection of wedding bands. This Gents’s ring boasts such pearless beauty and quality. A Milgrain, Vintage wedding band style is well-embodied and designed in this classic piece, solidifying this item’s assert of craftiness and excellence. Without stone stones are set in the ring, highlighting the meek grandeur already achieved by the piece. Formed with 18k white gold metal, this wedding band indeed is a marriage of trend and substance – a rare find in this time and age. We promise that you will love your ArtCarved wedding band with model number 11-WV7322W-G                        "" "
,"Chicago, IL",,,,authorized,call us by phone or email,,"""Benchmark Design CF66426PT"" CF66426PT | Diamonds On Wabash""","""
 Commit the vow you made during your wedding ceremony with this stunning wedding band brought to you by the high end brand, Benchmark. Platinum decorate this ring magnificently as a sign of true passion. 
Diamonds on Wabash is an authorized retailer of Benchmark in Chicago, IL. If you need more details about this Benchmark wedding band, don’t hesitate call us by phone or email, and our jewelry experts will be more than happy to help you.                                 "" "
,Honolulu,,,,,,,"""Benchmark Design CF66426PT""","""
                                An understated ring like a wedding band represents commitment. This Modern wedding band can remind you of your loved one wherever you are. For all of you love birds, we bring you this timeless Benchmark masterpiece. The without stone adds a touch of elegance to the entire band. Its platinum construction sparkles for as long as your passion. Gents everywhere will know that a ring like this means everything.
 
The Wedding Ring Shop in Honolulu brings you this and more exceptional creations so you can have the perfect wedding day. Established by a 3rd generation Kamaaina Family in 1987, The Wedding Ring Shop helps the community celebrate life's special moments.                                "" "
